Title,Rating,Voting,Duration,Genre_Title
1. A Complete Unknown,7.4, (57K),2h 21m,Biography
2. I'm Still Here,8.5, (91K),2h 17m,Biography
3. The Apprentice,7.1, (49K),2h 2m,Biography
4. Queen of the Ring,7.1, (699),2h 20m,Biography
5. William Tell,5.7, (1.5K),2h 13m,Biography
6. Better Man,7.6, (21K),2h 15m,Biography
7. Saturday Night,6.9, (29K),1h 49m,Biography
8. Maria,6.4, (18K),2h 4m,Biography
9. Queer,6.5, (17K),2h 17m,Biography
10. Reagan,6.2, (11K),2h 21m,Biography
11. Nr. 24,7.5, (14K),1h 51m,Biography
12. Unfrosted,5.5, (34K),1h 37m,Biography
13. Bonhoeffer: Pastor. Spy. Assassin.,6.3, (3.3K),2h 13m,Biography
14. Ordinary Angels,7.4, (15K),1h 58m,Biography
15. Winner,6.5, (2.2K),1h 43m,Biography
16. Back to Black,6.3, (26K),2h 2m,Biography
17. Young Woman and the Sea,7.5, (16K),2h 9m,Biography
18. Joy,7.1, (8.9K),1h 55m,Biography
19. Elton John: Never Too Late,6.5, (1.8K),1h 42m,Biography
20. Rob Peace,6.6, (1.8K),2h,Biography
21. Bob Marley: One Love,6.2, (34K),1h 47m,Biography
22. Piece by Piece,6.9, (5K),1h 33m,Biography
23. Cabrini,7.3, (8.4K),2h 22m,Biography
24. Faith of Angels,5.9, (166),1h 38m,Biography
25. Audrey's Children,8.7, (64),1h 50m,Biography
26. Scoop,6.5, (20K),1h 42m,Biography
27. Monsieur Aznavour,7.3, (2.1K),2h 13m,Biography
28. Super/Man: The Christopher Reeve Story,8.0, (8.7K),1h 44m,Biography
29. The Remarkable Life of Ibelin,8.2, (12K),1h 43m,Biography
30. Chhava,8.6, (2.2K),51m,Biography
31. The Fire Inside,6.8, (2.1K),1h 49m,Biography
32. Harbin,6.6, (467),1h 48m,Biography
33. Amaran,8.2, (18K),2h 47m,Biography
34. Maharaj,6.5, (15K),2h 11m,Biography
35. Midas Man,6.4, (1.4K),1h 52m,Biography
36. El 47,7.2, (3.1K),1h 50m,Biography
37. Goebbels and the Führer,6.7, (1.9K),2h 15m,Biography
38. Being Maria,6.1, (517),1h 40m,Biography
"39. From Hilde, with Love",7.0, (733),2h 5m,Biography
40. Avicii - I'm Tim,7.8, (6.6K),1h 35m,Biography
41. Shirley,6.2, (3.3K),1h 57m,Biography
42. Niki,5.9, (303),1h 38m,Biography
43. Pavements,7.0, (146),2h 8m,Biography
44. Becoming Madonna,7.0, (153),1h 31m,Biography
45. Limonov: The Ballad of Eddie,6.0, (724),2h 18m,Biography
46. Papa,7.5, (281),2h 11m,Biography
47. Boléro,6.6, (731),2h,Biography
48. Freedom,5.9, (1.3K),1h 50m,Biography
49. Maidaan,7.9, (22K),3h 1m,Biography
50. Ravens,8.3, (50),1h 57m,Biography
51. Srikanth,7.4, (14K),2h 14m,Biography
52. Luther: Never Too Much,8.2, (757),1h 41m,Biography
53. Stelios,7.3, (1.4K),2h 12m,Biography
54. The Firing Squad,5.4, (5K),1h 33m,Biography
55. Race for Glory: Audi vs. Lancia,5.8, (4.6K),1h 49m,Biography
56. Quisling: The Final Days,7.1, (1K),2h 26m,Biography
57. Music by John Williams,8.2, (4.6K),1h 45m,Biography
58. Cookster: The Darkest Days,8.3, (35),1h 59m,Biography
59. Biggest Heist Ever,6.1, (1.4K),1h 25m,Biography
60. One to One: John & Yoko,6.8, (70),1h 40m,Biography
61. Drazen,6.6, (1.2K),1h 40m,Biography
62. The Bibi Files,7.5, (991),1h 55m,Biography
63. Now or Never!,2.0, (17K),,Biography
64. Saint-Exupéry,5.5, (236),1h 38m,Biography
65. Jim Henson: Idea Man,7.7, (3.8K),1h 51m,Biography
66. The Ballad of Davy Crockett,4.6, (243),1h 36m,Biography
67. Liza: A Truly Terrific Absolutely True Story,8.2, (75),1h 44m,Biography
68. Chandu Champion,7.8, (34K),2h 22m,Biography
69. Swatantrya Veer Savarkar,7.7, (17K),2h 56m,Biography
70. Prodigieuses,7.0, (105),1h 41m,Biography
71. Spyral,8.6, (18),1h 23m,Biography
72. Gundi: Legend of Love,9.0, (5.4K),2h 46m,Biography
73. Riefenstahl,7.2, (415),1h 55m,Biography
74. Simona Kossak,6.1, (267),1h 40m,Biography
75. I Am: Celine Dion,7.7, (7.8K),1h 43m,Biography
76. Greenwood Rising: The Rise of Black Wall Street,7.1, (88),,Biography
77. La casa,7.0, (899),1h 23m,Biography
78. The Great Ambition,7.2, (657),2h 3m,Biography
79. Never Look Away,7.1, (243),1h 25m,Biography
80. The Shamrock Spitfire,5.1, (470),1h 48m,Biography
81. Amar Singh Chamkila,7.8, (16K),2h 25m,Biography
"82. Sarah Bernhardt, la divine",6.1, (155),1h 38m,Biography
83. Diddy: Summit to Plummet,2.2, (198),1h,Biography
84. Bir Cumhuriyet Sarkisi,7.7, (369),2h 8m,Biography
85. Laura,6.5, (219),1h 44m,Biography
"86. Disco, Ibiza, Locomia",6.0, (1.5K),1h 44m,Biography
87. Tears of Cem Karaca,7.2, (1.9K),2h 3m,Biography
88. Atatürk II: 1881-1919,8.9, (1.9K),2h 21m,Biography
89. The Beach Boys,7.1, (2.1K),1h 53m,Biography
90. Faye,7.1, (3K),1h 31m,Biography
91. A Bronx Tale: The Original One Man Show,8.7, (13),,Biography
92. Beautiful Rebel,6.3, (972),1h 52m,Biography
93. Samia,6.9, (121),1h 42m,Biography
94. Ol' Dirty Bastard: A Tale of Two Dirtys,6.7, (190),,Biography
95. Chhatrapati Sambhaji,5.6, (232),3h 6m,Biography
96. Blue Road: The Edna O'Brien Story,8.3, (37),1h 39m,Biography
97. Federer: Twelve Final Days,7.3, (4K),1h 28m,Biography
98. The Truth vs. Alex Jones,7.5, (3K),2h 1m,Biography
99. John Cranko,7.1, (165),2h 13m,Biography
100. Havnaa,7.3, (215),1h 50m,Biography
101. Nahir,4.7, (1.1K),2h 2m,Biography
102. Jenni,6.6, (41),1h 53m,Biography
103. Lula,5.6, (175),1h 30m,Biography
104. Bogart: Life Comes in Flashes,6.9, (369),1h 39m,Biography
105. Road Diary: Bruce Springsteen and the E Street Band,7.7, (968),1h 39m,Biography
106. Ae Watan Mere Watan,4.7, (1.4K),2h 13m,Biography
107. Vindication Swim,6.0, (200),1h 38m,Biography
108. Karina,6.9, (16),1h 31m,Biography
109. Klitschko: More Than a Fight,6.3, (486),1h 36m,Biography
110. Ennio Doris - C'è anche domani,5.3, (92),1h 30m,Biography
111. National Theatre Live: Nye,8.1, (253),2h 40m,Biography
112. Oxana,8.0, (7),1h 43m,Biography
113. Silvio,3.0, (492),1h 54m,Biography
114. Becoming Hitchcock: The Legacy of Blackmail,7.3, (231),1h 12m,Biography
"115. Carville: Winning Is Everything, Stupid",7.2, (245),1h 38m,Biography
116. Levoton Tuhkimo,6.4, (404),1h 28m,Biography
117. Nasty,7.8, (1.1K),1h 43m,Biography
"118. Enescu, Skinned Alive",7.3, (54),,Biography
119. ZEF: The Story of Die Antwoord,7.4, (767),1h 30m,Biography
120. The Peanut Man,5.6, (68),,Biography
121. House of Ga'a,3.9, (487),1h 59m,Biography
122. Mit einem Tiger schlafen,6.8, (148),1h 47m,Biography
123. Main Atal Hoon,6.9, (6.3K),2h 19m,Biography
124. Stevie Van Zandt: Disciple,7.9, (654),2h 27m,Biography
125. Faruk,6.5, (397),1h 37m,Biography
126. Saint Nick of Bethlehem,9.3, (94),1h 33m,Biography
127. Sabbath Queen,8.0, (56),1h 45m,Biography
128. Estimados Señores,7.7, (59),,Biography
129. Hola Frida,7.1, (20),1h 22m,Biography
130. Madu,5.4, (260),1h 40m,Biography
131. Hayatla Baris,6.3, (357),2h 5m,Biography
132. From Roger Moore with Love,7.4, (307),1h 19m,Biography
133. Nedelja,7.2, (1.9K),2h 10m,Biography
134. Janis Ian: Breaking Silence,8.5, (29),1h 54m,Biography
135. Raghuveer,8.9, (64),2h 5m,Biography
136. Patrice: The Movie,8.3, (220),1h 42m,Biography
137. Miséria,5.3, (99),1h 39m,Biography
138. Harta Tahta Raisa,4.0, (71),1h 50m,Biography
139. Hyper: The Stevie Hyper D Story,8.8, (29),1h 31m,Biography
140. Kulej. Dwie strony medalu,6.4, (292),2h 28m,Biography
141. The Man Who Loved UFOs,5.2, (584),1h 47m,Biography
142. Fanon,8.3, (6),2h 12m,Biography
143. Glenn Fredly: The Movie,6.8, (121),2h 1m,Biography
144. The Life and Deaths of Christopher Lee,7.2, (429),1h 39m,Biography
145. Inexplicável,6.5, (31),1h 56m,Biography
146. Memoir Seorang Guru,7.1, (120),2h,Biography
147. Komandir,6.3, (512),2h 11m,Biography
148. Oscar Wilde About America,,,,Biography
149. Wingless,7.7, (87),1h 50m,Biography
"150. Iki Gözüm Ahmet, Sürgün",3.8, (138),1h 53m,Biography
151. Daytime Revolution,6.9, (68),1h 48m,Biography
152. Bach - Ein Weihnachtswunder,6.2, (166),1h 29m,Biography
153. Funmilayo Ransome-Kuti,8.5, (93),1h 31m,Biography
154. The Movie Man,7.7, (169),1h 29m,Biography
155. Miyazaki: L'Esprit de la Nature,7.1, (155),1h 24m,Biography
156. Go Against the Flow,5.3, (139),1h 37m,Biography
157. Marcella,9.4, (9),1h 37m,Biography
158. Diane von Furstenberg: Woman in Charge,7.2, (304),1h 37m,Biography
159. God Be with Us,6.9, (13),1h 30m,Biography
160. Concepción,7.3, (10),R,Biography
161. Münter & Kandinsky,6.6, (76),2h 6m,Biography
162. Hope of Escape,7.4, (35),1h 31m,Biography
163. Mi Ilustrísimo Amigo,,,,Biography
164. Yatra 2,6.3, (9.7K),2h 12m,Biography
165. Chabuca,6.7, (244),1h 53m,Biography
166. Rock Bottom,7.0, (37),1h 26m,Biography
167. Vivekam,8.2, (308),1h 44m,Biography
168. Satyashodhak,8.4, (356),2h 25m,Biography
169. Shahid,6.5, (79),1h 24m,Biography
170. Sharon Stone: Survival Instinct,7.0, (55),52m,Biography
171. Gold,7.8, (64),2h 6m,Biography
172. Sadik Ahmet,7.7, (408),2h 5m,Biography
173. Born to Be Wild: The Story of Steppenwolf,7.2, (28),1h 40m,Biography
174. Michael Jackson: Ungloved,6.3, (21),1h,Biography
175. Looking for Simone,7.0, (7),1h 33m,Biography
176. Shaking It Up: The Life and Times of Liz Carpenter,,,,Biography
177. Padu,5.1, (80),1h 37m,Biography
178. The Sidemen Story,6.7, (1.7K),1h 39m,Biography
179. Pastor's Kid,6.5, (38),1h 30m,Biography
180. Dharmaveer 2,5.5, (11K),2h 10m,Biography
181. Suzzanna: The Queen of Black Magic,6.6, (40),1h 28m,Biography
182. Joachim and the Apocalypse,7.2, (12),1h 30m,Biography
183. The Ballad of Suzanne Césaire,5.9, (34),1h 15m,Biography
184. Gary,6.6, (523),1h 31m,Biography
"185. Marisol, llámame Pepa",6.8, (111),1h 27m,Biography
186. Taghiev: Oil,8.9, (48),2h,Biography
187. Maurice And I,8.8, (21),1h 38m,Biography
188. Blood'less' Revolution,6.6, (259),1h 43m,Biography
189. The World According to Allee Willis,8.1, (48),1h 37m,Biography
190. La Grande,8.9, (34),1h 35m,Biography
191. Boy,,,,Biography
192. Padatik,8.4, (100),2h 6m,Biography
193. Harimau Malaya: The Untold Journey,8.2, (21),2h 5m,Biography
194. Der Soldat Monika,7.3, (15),1h 49m,Biography
195. Ray of Hope,7.0, (10),1h 45m,Biography
196. You Are Always Right Here,,,,Biography
197. Ago,,,,Biography
198. Dr. Hedgewar,,,,Biography
199. Powstaniec 1863,5.4, (135),1h 55m,Biography
200. The Legend of Sudarshan Chakra,9.3, (20),2h 40m,Biography
201. Nonkonform,7.9, (14),1h 57m,Biography
202. Yaremchuk: Nezrivniannyi svit krasy,8.6, (446),1h 32m,Biography
203. La herencia de Flora,5.8, (6),,Biography
204. Beethoven's Nine: Ode to Humanity,6.9, (22),1h 25m,Biography
205. Sant Tukaram,,,,Biography
206. The West Sky,5.2, (122),,Biography
207. Hancsovszky,7.8, (21),,Biography
208. Legend of the Lizard,,,,Biography
209. Parviz Khan,6.0, (194),1h 50m,Biography
210. Obraz,7.5, (15),1h 35m,Biography
211. Ruki vverkh!,5.5, (241),1h 42m,Biography
212. Schindler Space Architect,,,,Biography
213. Son Sarki: Ahmet'in Türküsü,1.6, (108),1h 41m,Biography
"214. Steven Spielberg, l'homme et l'enfant",6.2, (9),56m,Biography
215. The Knowing,,,,Biography
216. Cartas Telepáticas,5.9, (28),1h 10m,Biography
217. Knockout Blonde: The Kellie Maloney Story,5.9, (21),1h 30m,Biography
218. Pod szarym niebem,7.1, (34),1h 21m,Biography
219. Il était une fois Michel Legrand,8.0, (36),1h 49m,Biography
220. Lafran,8.2, (15),1h 39m,Biography
221. Blues Run the Game: The Strange Tale of Jackson C. Frank,,,,Biography
222. Fedya. Narodnyy futbolist,5.9, (115),2h 5m,Biography
223. Niepewnosc,3.6, (53),1h 53m,Biography
224. Paul Anka: His Way,7.0, (9),1h 40m,Biography
225. Un hombre libre,,,,Biography
226. Graciano Rocchigiani - Das Herz eines Boxers,9.2, (50),2h 3m,Biography
"227. Dolly Parton: Bigger Hair, Bigger Heart",,,,Biography
228. Zuckerberg: King of the Metaverse,5.7, (257),1h 30m,Biography
229. Basketball Jones: The First Chapter,,,,Biography
230. A nuestros amigos,8.0, (8),1h 30m,Biography
231. A Almería de Leone,,,,Biography
232. MatPat the Movie,9.0, (26),,Biography
233. Um Lobo Entre os Cisnes,,,,Biography
234. Me Dicen El Panzer,6.6, (7),1h 30m,Biography
235. Rhythm of a Flower,7.4, (15),1h 21m,Biography
236. Riv i hjertet,7.7, (27),1h 47m,Biography
237. Dragon Boy,,,,Biography
238. A dangerous boy,6.9, (64),1h 30m,Biography
239. Don't Ever Stop,9.1, (13),1h 25m,Biography
240. Atín Aya. Retrato del silencio,,,,Biography
"241. Cruel, Usual, Necessary: The Passion of Silvio Narizzano",,,,Biography
242. Lulu in Turin,8.5, (6),1h 16m,Biography
243. Golpe a Golpe (Blow by Blow),8.3, (22),1h 30m,Biography
244. Light Blue,4.2, (116),,Biography
245. Parvin,5.4, (49),,Biography
246. La Joia: Bad Gyal,5.8, (80),1h 32m,Biography
247. Rory Gallagher: Calling Card,9.0, (9),,Biography
248. Who Killed Lawrence of Arabia?,6.5, (32),1h 40m,Biography
249. The Man Died,,,,Biography
250. Project Alien Earth,8.3, (6),,Biography
251. Majnoon,6.9, (34),,Biography
252. Insula Fondane (Fondane Island),9.6, (10),1h 22m,Biography
253. Charmian Clift: Life Burns High,7.9, (14),1h 20m,Biography
254. L'amore e la gloria - La giovane Deledda,,,,Biography
255. Ett hjärta är alltid rött,7.1, (387),1h 43m,Biography
"256. Mary, Marianna, Maria: Ta agnosta ellinika hronia tis Kallas",8.2, (12),1h 43m,Biography
257. The Razor's Edge,,,,Biography
258. The Preacher,,,,Biography
259. Main Mulayam Singh Yadav,3.8, (198),2h,Biography
260. The Dumpling Queen,,,,Biography
261. Beethoven's Nine,7.6, (10),1h 30m,Biography
262. Il ricercatore,5.8, (7),1h 11m,Biography
263. Gummadi Narsaiah Biopic,,,,Biography
264. COMA,9.4, (8),1h 20m,Biography
265. Romina,7.7, (12),,Biography
266. Butterfly,,,,Biography
"267. Kati: Eine Kür, die bleibt",6.1, (84),1h 39m,Biography
268. Burkitt,,,,Biography
"269. François Truffaut, le scénario de ma vie",6.8, (35),1h 38m,Biography
270. Nebesko,5.2, (10),1h 13m,Biography
271. Louis Riel or Heaven Touches the Earth,,,,Biography
272. Gulag Eros of the Russian Mind,,,,Biography
273. Ninety Minutes Later,,,,Biography
274. Maria,4.2, (22),1h,Biography
275. La valanga azzurra,7.6, (7),1h 30m,Biography
276. No More Trouble - Cosa rimane di una tempesta,8.7, (15),1h 37m,Biography
277. The Blood Brothers,,,,Biography
278. All Access to Rossa 25 Shining Years,8.7, (64),1h 31m,Biography
279. The Truth: The Journey Within,7.2, (8),1h 31m,Biography
280. Waldo,6.6, (7),1h 44m,Biography
281. Reba McEntire: Country Gold,7.4, (8),1h,Biography
282. Qajymuqan,,,,Biography
283. Fly by Night,8.0, (14),,Biography
284. Im Schatten der Träume,8.2, (10),1h 30m,Biography
285. The Thousand Colours of the Morning,,,,Biography
286. Janet Jackson: In Control,5.5, (8),1h,Biography
287. Song of the Last Lacandon Holy Man,,,,Biography
"288. Jacques Demy, le rose et le noir",7.2, (12),1h 28m,Biography
289. La verità è nuda,,,,Biography
290. The Leader,,,,Biography
291. The Swimming Diaries,,,,Biography
292. It'll Never Work,9.6, (29),57m,Biography
293. Not Taken: Origins,9.8, (5),1h 9m,Biography
294. Hawala,,,,Biography
295. Meri Maa Karma,,,,Biography
296. Manyam Dheerudu,5.5, (3.5K),1h 54m,Biography
297. Il criminologo,,,,Biography
298. Si dice di me,,,,Biography
299. Barnen från Camp Ashraf,5.4, (19),1h 28m,Biography
300. Tapes of Revolution,9.4, (5),1h 15m,Biography
301. Simply Johanne,,,,Biography
302. Clergyman,,,,Biography
303. Between Time and Space: E.S.T.,,,,Biography
304. ¿De qué casa eres?,,,,Biography
305. Nollbudget,8.3, (11),1h 12m,Biography
306. The Israelites,,,,Biography
307. 30 to 45,,,,Biography
308. Bhanu,,,,Biography
309. Mini Avengers,,,,Biography
310. Zwanzig Jahre an der Peitsche,,,,Biography
311. Vincenzo Nibali - Il 7° campione,,,,Biography
312. Bad Bunny: Global Takeover,,,,Biography
313. Dulcinea,,,,Biography
314. Que notre joie demeure,,,,Biography
315. 9 sekund,4.5, (59),1h 31m,Biography
316. Soares é Fixe,4.8, (77),1h 23m,Biography
317. Wole Soyinka Eni Ogun,,,,Biography
318. The Story of M,,,,Biography
319. Cutting Squares,,,,Biography
320. Blake Edwards: A Love Story in 24 Frames,7.5, (70),,Biography
321. Tejaswini (Odia),,,,Biography
322. The Life and Death of Orson Greer,,,,Biography
323. Pensando ad Anna,,,,Biography
324. O familie aproape perfecta,4.7, (7),1h 28m,Biography
325. The Wellness Warrior,,,,Biography
326. Gaspare Spontini Celeste Amore,,,,Biography
327. The Real RFK Jr.,,,,Biography
328. Our Place Is Here,,,,Biography
329. Mythical Creatures,,,,Biography
330. Giroud,7.3, (9),,Biography
331. Roughneck,,,,Biography
"332. Sean Penn, L'enfant terrible de l'Amérique",7.3, (20),52m,Biography
333. I Am Kevin Harvick,9.0, (15),,Biography
"334. Love, Blood, & Aztec Demons: The Lost Films of Juan F. Moctezuma II",,,,Biography
335. Izvan vremena,,,,Biography
336. Mario Verdone: Il critico viaggiatore,,,,Biography
337. Jestem postacia fikcyjna,,,,Biography
338. MAGA 1909,,,,Biography
339. Bad Case of the Country Blues: The Linda Martell Story,,,,Biography
340. Hamzeh Kassab,,,,Biography
341. Citizen Glenn,,,,Biography
342. DCLXVI,,,,Biography
343. Palace Guardians,9.3, (7),1h 4m,Biography
344. Ghouroub,,,,Biography
345. Sunita,,,,Biography
346. Colbert: All Students Can Learn,,,,Biography
"347. Frédéric Mitterrand, une vie en images",,,,Biography
348. Livio Garzanti: Il gran viziato - La morale nascosta di un editore formidabile,,,,Biography
349. My Barbara,,,,Biography
350. Dad and I: The Legacy of Timothy J. Dunn,,,,Biography
351. Dushu,,,,Biography
352. Ibnu Nurwanto - The Wood,,,,Biography
353. RADA,,,,Biography
354. Complô,,,,Biography
355. Eleonora Abbagnato - Una stella che danza,,,,Biography
"356. Lupicinio Rodrigues, Confissões de um Sofredor",7.0, (5),1h 39m,Biography
357. Roman Kostomarov. Rozhdennyy dvazhdy,,,,Biography
358. Maçãs no Escuro,,,,Biography
359. Interviews with Abdelkrim Baba Aïssa,,,,Biography
360. Samuel: Hollywood vs. Hollywood,,,,Biography
361. Pellizza pittore da Volpedo,,,,Biography
"362. Milva, diva per sempre",,,,Biography
363. Frida Khalo Woman Experiences,,,,Biography
364. Herman Brood and His Wild Romance,,,,Biography
365. Mi última Gran Montaña,,,,Biography
366. Norma: rosso sangue,,,,Biography
367. La nostra magnifica ossessione - Bernardo Bertolucci e la sua generazione,,,,Biography
368. YA - Sergey Obraztsov,,,,Biography
369. Carles Sabater. No espereu res de mi,8.1, (19),1h 15m,Biography
370. Making Life Sing in Pursuit of Utu: The Micere Githae Mugo Story,,,,Biography
371. La nostra Raffaella,,,,Biography
372. I am the girl 3 me and my girlfriend,,,,Biography
373. The Ballad of John and Yoko,8.4, (16),1h 41m,Biography
374. Brev til Håkon Banken,8.1, (28),1h 20m,Biography
375. Bob Noto - The World's Finest Palate,,,,Biography
376. Gevart,7.3, (69),34m,Biography
377. Veljko od mora,7.2, (16),53m,Biography
378. Destiny or Will. Marusia,8.9, (16),,Biography
379. Freak Out: The Joel M. Reed Story,,,,Biography
380. Um Tempo de Todos,,,,Biography
381. The Artistry of Dean Irby,,,,Biography
382. Domenico Modugno - L'italiano che incantò il mondo,,,,Biography
383. I am the girl 2 and my black belt,,,,Biography
384. Giannis Spanos: Piso ap' ti markiza,7.6, (14),1h 58m,Biography
385. Mr Bakhshdar,,,,Biography
386. Queen Elizabeth II: Before the Crown,,,,Biography
387. Italo Calvino nelle città,,,,Biography
388. Janani: The Last Stand,,,,Biography
389. Rinnans rival,,,,Biography
390. Another Part of Me,,,,Biography
391. Luis Terror Días,,,,Biography
392. Die Hahnenkammbahn,,,,Biography
393. Alzheimer mezhdu baba i men,,,,Biography
394. Illuminate - Monica Vitti - La donna che visse due volte,,,,Biography
395. Mary Pickford's Kiss,,,,Biography
396. A Serena Onda que o Mar me Trouxe,,,,Biography
"397. Señor Jazz, la película de Carlos Inzillo",,,,Biography
398. I am the girl: this is my childhood until I wake up,,,,Biography
399. Seu Cavalcanti,,,,Biography
"400. Nemere István: addig írok, amíg élek",,,,Biography
401. Chaplin et les temps modernes: La voie du silence,,,,Biography
402. Victoria para el teatro puertorriqueño,,,,Biography
403. Zakonczenie 8 Klasy W Szkole Podstawowej W Pamiatkowie,,,,Biography
404. Italo Svevo. Secret Writing in Trieste,,,,Biography
405. Davaj Paradiso,9.1, (26),1h 3m,Biography
406. The light of Darkness,,,,Biography
407. O Homem Crocodilo,,,,Biography
408. La couleur dans les mains,,,,Biography
409. Toquinho: Encontros e um Violão,8.6, (5),1h 30m,Biography
410. Sefi,,,,Biography
411. Tesouro Natterer,,,,Biography
412. ¡Qué suerte hemos tenido!,7.5, (16),1h 2m,Biography
413. On Air,,,,Biography
414. Sognare è vivere - La leggenda di Porto Rafael,,,,Biography
"415. Georges Pompidou, la cruauté du pouvoir",6.2, (6),1h 44m,Biography
416. Beyaz Zenciler: Yapim Asamasi,8.6, (5),55m,Biography
417. Pandit Ayachi,,,,Biography
"418. Wifredo, el legado de un genio del lente",,,,Biography
419. Born Again: George Whitefield,,,,Biography
420. Los Chavales de la Morelia,,,,Biography
421. Images of Album,,,,Biography
422. Senza volto - Storia di Fabrizio Maiello,,,,Biography
423. I Used to Love a Crackhead,,,,Biography
424. Duilio Cambellotti - Arte senza fine,,,,Biography
425. A modo mio - Patty Pravo,,,,Biography
"426. Antonio Mairena, la raiz del cante",,,,Biography
427. Doris Soffel - Mezzosopran Ein Leben im Labyrinth,,,,Biography
428. Mariko's Dream,,,,Biography
"429. Jaime Isidoro: divulgador, colecionador, artista",,,,Biography
"430. Sebastião Leme, o Fotógrafo Inventor",,,,Biography
431. Aftografo: Evangelos N. Roussos,,,,Biography
432. Despierta tu alma,,,,Biography
433. Gaston - Last Clown Standing,,,,Biography
434. Yatra2,,,,Biography
435. Run It Back: A Home Brew Story,,,,Biography
436. Grow Vasu,,,,Biography
437. 87 Candles,8.9, (9),55m,Biography
438. Colita sin filtros,,,,Biography
439. El Chilote: Gloria del Béisbol Dominicano,,,,Biography
440. Itinéraire d'un enfant DJ,,,,Biography
441. Ajiniyaz,,,,Biography
442. Alyah and the Cove,,,,Biography
443. Neizvestnaya Tsvetaeva,,,,Biography
444. De erfenis van Els Borst,,,,Biography
445. Entre Dois Rios e Outras Noites,,,,Biography
"446. José Lifante, mi aventura en el cine",,,,Biography
447. Oh Beautiful Grandmother!,,,,Biography
448. Zielony atrament,,,,Biography
449. Kushstock: The Movie,,,,Biography
450. Colonel Xanthi,,,,Biography
"451. THE GAP: A Documentary About Where You Are, and Where You Want to Be.",,,,Biography
452. Obsessed with Fashion,,,,Biography
453. Samadhi Consciousness Film,,,,Biography
454. Nomade che non sono altro,,,,Biography
455. Mera naam ullhas hai part 2 (bachelor),,,,Biography
456. Anssi Mänttäri - Suomielokuvan kummisetä,,,,Biography
457. O Poeta Rei,,,,Biography
458. She Dances by the Sea,,,,Biography
459. Ouka Leele. El viaje de una estrella,,,,Biography
